<ImportExportXml version="9.2.23013.186" SolutionPackageVersion="9.2" languagecode="1041" generatedBy="CrmLive" xmlns:xsi="http://www.w3.org/2001/XMLSchema-instance">
  <SolutionManifest>
    <UniqueName>Haneda</UniqueName>
    <LocalizedNames>
      <LocalizedName description="Haneda" languagecode="1041" />
    </LocalizedNames>
    <Descriptions />
    <Version>1.0.0.0</Version>
    <Managed>0</Managed>
    <Publisher>
      <UniqueName>YA</UniqueName>
      <LocalizedNames>
        <LocalizedName description="YA" languagecode="1041" />
      </LocalizedNames>
      <Descriptions />
      <EMailAddress xsi:nil="true"></EMailAddress>
      <SupportingWebsiteUrl xsi:nil="true"></SupportingWebsiteUrl>
      <CustomizationPrefix>ya</CustomizationPrefix>
      <CustomizationOptionValuePrefix>12824</CustomizationOptionValuePrefix>
      <Addresses>
        <Address>
          <AddressNumber>1</AddressNumber>
          <AddressTypeCode>1</AddressTypeCode>
          <City xsi:nil="true"></City>
          <County xsi:nil="true"></County>
          <Country xsi:nil="true"></Country>
          <Fax xsi:nil="true"></Fax>
          <FreightTermsCode xsi:nil="true"></FreightTermsCode>
          <ImportSequenceNumber xsi:nil="true"></ImportSequenceNumber>
          <Latitude xsi:nil="true"></Latitude>
          <Line1 xsi:nil="true"></Line1>
          <Line2 xsi:nil="true"></Line2>
          <Line3 xsi:nil="true"></Line3>
          <Longitude xsi:nil="true"></Longitude>
          <Name xsi:nil="true"></Name>
          <PostalCode xsi:nil="true"></PostalCode>
          <PostOfficeBox xsi:nil="true"></PostOfficeBox>
          <PrimaryContactName xsi:nil="true"></PrimaryContactName>
          <ShippingMethodCode>1</ShippingMethodCode>
          <StateOrProvince xsi:nil="true"></StateOrProvince>
          <Telephone1 xsi:nil="true"></Telephone1>
          <Telephone2 xsi:nil="true"></Telephone2>
          <Telephone3 xsi:nil="true"></Telephone3>
          <TimeZoneRuleVersionNumber xsi:nil="true"></TimeZoneRuleVersionNumber>
          <UPSZone xsi:nil="true"></UPSZone>
          <UTCOffset xsi:nil="true"></UTCOffset>
          <UTCConversionTimeZoneCode xsi:nil="true"></UTCConversionTimeZoneCode>
        </Address>
        <Address>
          <AddressNumber>2</AddressNumber>
          <AddressTypeCode>1</AddressTypeCode>
          <City xsi:nil="true"></City>
          <County xsi:nil="true"></County>
          <Country xsi:nil="true"></Country>
          <Fax xsi:nil="true"></Fax>
          <FreightTermsCode xsi:nil="true"></FreightTermsCode>
          <ImportSequenceNumber xsi:nil="true"></ImportSequenceNumber>
          <Latitude xsi:nil="true"></Latitude>
          <Line1 xsi:nil="true"></Line1>
          <Line2 xsi:nil="true"></Line2>
          <Line3 xsi:nil="true"></Line3>
          <Longitude xsi:nil="true"></Longitude>
          <Name xsi:nil="true"></Name>
          <PostalCode xsi:nil="true"></PostalCode>
          <PostOfficeBox xsi:nil="true"></PostOfficeBox>
          <PrimaryContactName xsi:nil="true"></PrimaryContactName>
          <ShippingMethodCode>1</ShippingMethodCode>
          <StateOrProvince xsi:nil="true"></StateOrProvince>
          <Telephone1 xsi:nil="true"></Telephone1>
          <Telephone2 xsi:nil="true"></Telephone2>
          <Telephone3 xsi:nil="true"></Telephone3>
          <TimeZoneRuleVersionNumber xsi:nil="true"></TimeZoneRuleVersionNumber>
          <UPSZone xsi:nil="true"></UPSZone>
          <UTCOffset xsi:nil="true"></UTCOffset>
          <UTCConversionTimeZoneCode xsi:nil="true"></UTCConversionTimeZoneCode>
        </Address>
      </Addresses>
    </Publisher>
    <RootComponents>
      <RootComponent type="1" schemaName="systemuser" behavior="1" />
      <RootComponent type="1" schemaName="ya_classificationform" behavior="0" />
      <RootComponent type="1" schemaName="ya_endusechecksheet" behavior="0" />
      <RootComponent type="1" schemaName="ya_enduserchecksheet" behavior="0" />
      <RootComponent type="1" schemaName="ya_guidelinesheetforjudgingapparent" behavior="0" />
      <RootComponent type="1" schemaName="ya_listofcorrespondence" behavior="0" />
      <RootComponent type="1" schemaName="ya_prescreening" behavior="0" />
      <RootComponent type="1" schemaName="ya_screeningform" behavior="0" />
      <RootComponent type="9" schemaName="ya_counterpartytype" behavior="0" />
      <RootComponent type="9" schemaName="ya_demandertype" behavior="0" />
      <RootComponent type="9" schemaName="ya_destination" behavior="0" />
      <RootComponent type="9" schemaName="ya_destinationtype" behavior="0" />
      <RootComponent type="9" schemaName="ya_endusestype" behavior="0" />
      <RootComponent type="9" schemaName="ya_guidelinesheetitemforjudgingapparent" behavior="0" />
      <RootComponent type="9" schemaName="ya_specificcategory" behavior="0" />
      <RootComponent type="9" schemaName="ya_transactionclass" behavior="0" />
      <RootComponent type="9" schemaName="ya_transactionscreeningresult" behavior="0" />
      <RootComponent type="9" schemaName="ya_transactiontype" behavior="0" />
      <RootComponent type="61" schemaName="ya_LabelConcern1" behavior="0" />
      <RootComponent type="61" schemaName="ya_LabelConcern2" behavior="0" />
      <RootComponent type="61" schemaName="ya_LabelCounterparty" behavior="0" />
      <RootComponent type="61" schemaName="ya_LabelEndUseCheckSheet1" behavior="0" />
      <RootComponent type="61" schemaName="ya_LabelEndUseCheckSheet2" behavior="0" />
      <RootComponent type="61" schemaName="ya_LabelEndUseCheckSheetCheck1_13" behavior="0" />
      <RootComponent type="61" schemaName="ya_LabelEndUserCheckSheetCheck2" behavior="0" />
      <RootComponent type="61" schemaName="ya_LabelExemption1" behavior="0" />
      <RootComponent type="61" schemaName="ya_LabelExemption2" behavior="0" />
      <RootComponent type="61" schemaName="ya_LabelFooterGuidelineSheet" behavior="0" />
      <RootComponent type="61" schemaName="ya_LabelHeader" behavior="0" />
      <RootComponent type="61" schemaName="ya_LabelHeaderGuidelineSheet" behavior="0" />
      <RootComponent type="61" schemaName="ya_LabelObjectiveCondition1" behavior="0" />
      <RootComponent type="61" schemaName="ya_LabelObjectiveCondition2" behavior="0" />
      <RootComponent type="61" schemaName="ya_LabelSelfCheck1" behavior="0" />
      <RootComponent type="61" schemaName="ya_LabelSelfCheck2" behavior="0" />
      <RootComponent type="61" schemaName="ya_LabelSelfCheck3" behavior="0" />
      <RootComponent type="61" schemaName="ya_LabelTitle" behavior="0" />
      <RootComponent type="61" schemaName="ya_LabelTitleClassificationForm" behavior="0" />
      <RootComponent type="61" schemaName="ya_LabelTitleEndUseCheckSheet" behavior="0" />
      <RootComponent type="61" schemaName="ya_LabelTitleEndUserCheckSheet" behavior="0" />
      <RootComponent type="61" schemaName="ya_LabelTitleGuidelineSheet" behavior="0" />
      <RootComponent type="61" schemaName="ya_LabelTitleScreeningForm" behavior="0" />
      <RootComponent type="62" schemaName="ya_2143ae9fb70696d3" behavior="0" />
      <RootComponent type="62" schemaName="ya_af7d7a8c472a7075" behavior="0" />
      <RootComponent type="62" schemaName="ya_c0289d4ebb23bd2e" behavior="0" />
      <RootComponent type="62" schemaName="ya_e33fc4773703ef4c" behavior="0" />
      <RootComponent type="80" schemaName="ya_680e7e6a3f0bf18f" behavior="0" />
      <RootComponent type="80" schemaName="ya_823a7cae9c1b4ba6" behavior="0" />
      <RootComponent type="80" schemaName="ya_f3c51d99ae6bc10a" behavior="0" />
    </RootComponents>
    <MissingDependencies>
      <MissingDependency>
        <Required type="61" schemaName="msdyn_/Images/AppModule_Default_Icon.png" displayName="msdyn_/Images/AppModule_Default_Icon.png" solution="AppModuleWebResources (2.5)" />
        <Dependent type="80" schemaName="ya_680e7e6a3f0bf18f" displayName="審査票" />
      </MissingDependency>
      <MissingDependency>
        <Required type="61" schemaName="msdyn_/Images/AppModule_Default_Icon.png" displayName="msdyn_/Images/AppModule_Default_Icon.png" solution="AppModuleWebResources (2.5)" />
        <Dependent type="80" schemaName="ya_823a7cae9c1b4ba6" displayName="事前確認申請" />
      </MissingDependency>
      <MissingDependency>
        <Required type="61" schemaName="msdyn_/Images/AppModule_Default_Icon.png" displayName="msdyn_/Images/AppModule_Default_Icon.png" solution="AppModuleWebResources (2.5)" />
        <Dependent type="80" schemaName="ya_f3c51d99ae6bc10a" displayName="事前確認承認" />
      </MissingDependency>
    </MissingDependencies>
  </SolutionManifest>
</ImportExportXml>